Upper tier local authorities Code,Upper tier local authorities,Household deprivation (6 categories) Code,Household deprivation (6 categories),Observation
E06000001,Hartlepool,-8,Does not apply,0
E06000001,Hartlepool,1,Household is not deprived in any dimension,17262
E06000001,Hartlepool,2,Household is deprived in one dimension,13735
E06000001,Hartlepool,3,Household is deprived in two dimensions,7570
E06000001,Hartlepool,4,Household is deprived in three dimensions,2278
E06000001,Hartlepool,5,Household is deprived in four dimensions,85
E06000002,Middlesbrough,-8,Does not apply,0
E06000002,Middlesbrough,1,Household is not deprived in any dimension,25407
E06000002,Middlesbrough,2,Household is deprived in one dimension,20394
E06000002,Middlesbrough,3,Household is deprived in two dimensions,10816
E06000002,Middlesbrough,4,Household is deprived in three dimensions,3517
E06000002,Middlesbrough,5,Household is deprived in four dimensions,128
E06000003,Redcar and Cleveland,-8,Does not apply,0
E06000003,Redcar and Cleveland,1,Household is not deprived in any dimension,27192
E06000003,Redcar and Cleveland,2,Household is deprived in one dimension,21064
E06000003,Redcar and Cleveland,3,Household is deprived in two dimensions,10307
E06000003,Redcar and Cleveland,4,Household is deprived in three dimensions,2969
E06000003,Redcar and Cleveland,5,Household is deprived in four dimensions,106
E06000004,Stockton-on-Tees,-8,Does not apply,0
E06000004,Stockton-on-Tees,1,Household is not deprived in any dimension,40497
E06000004,Stockton-on-Tees,2,Household is deprived in one dimension,27187
E06000004,Stockton-on-Tees,3,Household is deprived in two dimensions,12617
E06000004,Stockton-on-Tees,4,Household is deprived in three dimensions,3324
E06000004,Stockton-on-Tees,5,Household is deprived in four dimensions,132
E06000005,Darlington,-8,Does not apply,0
E06000005,Darlington,1,Household is not deprived in any dimension,23775
E06000005,Darlington,2,Household is deprived in one dimension,16384
E06000005,Darlington,3,Household is deprived in two dimensions,6944
E06000005,Darlington,4,Household is deprived in three dimensions,1738
E06000005,Darlington,5,Household is deprived in four dimensions,76
E06000006,Halton,-8,Does not apply,0
E06000006,Halton,1,Household is not deprived in any dimension,24183
E06000006,Halton,2,Household is deprived in one dimension,18732
E06000006,Halton,3,Household is deprived in two dimensions,9843
E06000006,Halton,4,Household is deprived in three dimensions,3088
E06000006,Halton,5,Household is deprived in four dimensions,103
E06000007,Warrington,-8,Does not apply,0
E06000007,Warrington,1,Household is not deprived in any dimension,46997
E06000007,Warrington,2,Household is deprived in one dimension,29036
E06000007,Warrington,3,Household is deprived in two dimensions,11560
E06000007,Warrington,4,Household is deprived in three dimensions,2824
E06000007,Warrington,5,Household is deprived in four dimensions,121
E06000008,Blackburn with Darwen,-8,Does not apply,0
E06000008,Blackburn with Darwen,1,Household is not deprived in any dimension,24187
E06000008,Blackburn with Darwen,2,Household is deprived in one dimension,19982
E06000008,Blackburn with Darwen,3,Household is deprived in two dimensions,10718
E06000008,Blackburn with Darwen,4,Household is deprived in three dimensions,3692
E06000008,Blackburn with Darwen,5,Household is deprived in four dimensions,188
E06000009,Blackpool,-8,Does not apply,0
E06000009,Blackpool,1,Household is not deprived in any dimension,24769
E06000009,Blackpool,2,Household is deprived in one dimension,22750
E06000009,Blackpool,3,Household is deprived in two dimensions,12785
E06000009,Blackpool,4,Household is deprived in three dimensions,4183
E06000009,Blackpool,5,Household is deprived in four dimensions,302
E06000010,Kingston upon Hull,-8,Does not apply,0
E06000010,Kingston upon Hull,1,Household is not deprived in any dimension,47556
E06000010,Kingston upon Hull,2,Household is deprived in one dimension,39375
E06000010,Kingston upon Hull,3,Household is deprived in two dimensions,21788
E06000010,Kingston upon Hull,4,Household is deprived in three dimensions,6452
E06000010,Kingston upon Hull,5,Household is deprived in four dimensions,301
E06000011,East Riding of Yorkshire,-8,Does not apply,0
E06000011,East Riding of Yorkshire,1,Household is not deprived in any dimension,77704
E06000011,East Riding of Yorkshire,2,Household is deprived in one dimension,51733
E06000011,East Riding of Yorkshire,3,Household is deprived in two dimensions,18920
E06000011,East Riding of Yorkshire,4,Household is deprived in three dimensions,3542
E06000011,East Riding of Yorkshire,5,Household is deprived in four dimensions,167
E06000012,North East Lincolnshire,-8,Does not apply,0
E06000012,North East Lincolnshire,1,Household is not deprived in any dimension,30701
E06000012,North East Lincolnshire,2,Household is deprived in one dimension,24150
E06000012,North East Lincolnshire,3,Household is deprived in two dimensions,11618
E06000012,North East Lincolnshire,4,Household is deprived in three dimensions,3222
E06000012,North East Lincolnshire,5,Household is deprived in four dimensions,135
E06000013,North Lincolnshire,-8,Does not apply,0
E06000013,North Lincolnshire,1,Household is not deprived in any dimension,33731
E06000013,North Lincolnshire,2,Household is deprived in one dimension,25637
E06000013,North Lincolnshire,3,Household is deprived in two dimensions,11151
E06000013,North Lincolnshire,4,Household is deprived in three dimensions,2565
E06000013,North Lincolnshire,5,Household is deprived in four dimensions,89
E06000014,York,-8,Does not apply,0
E06000014,York,1,Household is not deprived in any dimension,46025
E06000014,York,2,Household is deprived in one dimension,27910
E06000014,York,3,Household is deprived in two dimensions,9518
E06000014,York,4,Household is deprived in three dimensions,1918
E06000014,York,5,Household is deprived in four dimensions,88
E06000015,Derby,-8,Does not apply,0
E06000015,Derby,1,Household is not deprived in any dimension,48185
E06000015,Derby,2,Household is deprived in one dimension,35658
E06000015,Derby,3,Household is deprived in two dimensions,16606
E06000015,Derby,4,Household is deprived in three dimensions,4907
E06000015,Derby,5,Household is deprived in four dimensions,296
E06000016,Leicester,-8,Does not apply,0
E06000016,Leicester,1,Household is not deprived in any dimension,49397
E06000016,Leicester,2,Household is deprived in one dimension,45634
E06000016,Leicester,3,Household is deprived in two dimensions,24094
E06000016,Leicester,4,Household is deprived in three dimensions,7624
E06000016,Leicester,5,Household is deprived in four dimensions,639
E06000017,Rutland,-8,Does not apply,0
E06000017,Rutland,1,Household is not deprived in any dimension,9675
E06000017,Rutland,2,Household is deprived in one dimension,5284
E06000017,Rutland,3,Household is deprived in two dimensions,1529
E06000017,Rutland,4,Household is deprived in three dimensions,198
E06000017,Rutland,5,Household is deprived in four dimensions,8
E06000018,Nottingham,-8,Does not apply,0
E06000018,Nottingham,1,Household is not deprived in any dimension,51881
E06000018,Nottingham,2,Household is deprived in one dimension,42946
E06000018,Nottingham,3,Household is deprived in two dimensions,22536
E06000018,Nottingham,4,Household is deprived in three dimensions,7016
E06000018,Nottingham,5,Household is deprived in four dimensions,366
E06000019,Herefordshire,-8,Does not apply,0
E06000019,Herefordshire,1,Household is not deprived in any dimension,40941
E06000019,Herefordshire,2,Household is deprived in one dimension,28690
E06000019,Herefordshire,3,Household is deprived in two dimensions,10761
E06000019,Herefordshire,4,Household is deprived in three dimensions,2284
E06000019,Herefordshire,5,Household is deprived in four dimensions,149
E06000020,Telford and Wrekin,-8,Does not apply,0
E06000020,Telford and Wrekin,1,Household is not deprived in any dimension,35190
E06000020,Telford and Wrekin,2,Household is deprived in one dimension,25928
E06000020,Telford and Wrekin,3,Household is deprived in two dimensions,12129
E06000020,Telford and Wrekin,4,Household is deprived in three dimensions,3138
E06000020,Telford and Wrekin,5,Household is deprived in four dimensions,125
E06000021,Stoke-on-Trent,-8,Does not apply,0
E06000021,Stoke-on-Trent,1,Household is not deprived in any dimension,45368
E06000021,Stoke-on-Trent,2,Household is deprived in one dimension,38581
E06000021,Stoke-on-Trent,3,Household is deprived in two dimensions,20120
E06000021,Stoke-on-Trent,4,Household is deprived in three dimensions,6068
E06000021,Stoke-on-Trent,5,Household is deprived in four dimensions,263
E06000022,Bath and North East Somerset,-8,Does not apply,0
E06000022,Bath and North East Somerset,1,Household is not deprived in any dimension,42870
E06000022,Bath and North East Somerset,2,Household is deprived in one dimension,25495
E06000022,Bath and North East Somerset,3,Household is deprived in two dimensions,8952
E06000022,Bath and North East Somerset,4,Household is deprived in three dimensions,1819
E06000022,Bath and North East Somerset,5,Household is deprived in four dimensions,114
E06000023,Bristol,-8,Does not apply,0
E06000023,Bristol,1,Household is not deprived in any dimension,96135
E06000023,Bristol,2,Household is deprived in one dimension,60901
E06000023,Bristol,3,Household is deprived in two dimensions,26503
E06000023,Bristol,4,Household is deprived in three dimensions,7515
E06000023,Bristol,5,Household is deprived in four dimensions,584
E06000024,North Somerset,-8,Does not apply,0
E06000024,North Somerset,1,Household is not deprived in any dimension,48754
E06000024,North Somerset,2,Household is deprived in one dimension,31684
E06000024,North Somerset,3,Household is deprived in two dimensions,11454
E06000024,North Somerset,4,Household is deprived in three dimensions,2565
E06000024,North Somerset,5,Household is deprived in four dimensions,190
E06000025,South Gloucestershire,-8,Does not apply,0
E06000025,South Gloucestershire,1,Household is not deprived in any dimension,63701
E06000025,South Gloucestershire,2,Household is deprived in one dimension,38638
E06000025,South Gloucestershire,3,Household is deprived in two dimensions,13163
E06000025,South Gloucestershire,4,Household is deprived in three dimensions,2454
E06000025,South Gloucestershire,5,Household is deprived in four dimensions,145
E06000026,Plymouth,-8,Does not apply,0
E06000026,Plymouth,1,Household is not deprived in any dimension,52100
E06000026,Plymouth,2,Household is deprived in one dimension,38898
E06000026,Plymouth,3,Household is deprived in two dimensions,18228
E06000026,Plymouth,4,Household is deprived in three dimensions,5049
E06000026,Plymouth,5,Household is deprived in four dimensions,282
E06000027,Torbay,-8,Does not apply,0
E06000027,Torbay,1,Household is not deprived in any dimension,26537
E06000027,Torbay,2,Household is deprived in one dimension,22606
E06000027,Torbay,3,Household is deprived in two dimensions,10615
E06000027,Torbay,4,Household is deprived in three dimensions,2984
E06000027,Torbay,5,Household is deprived in four dimensions,252
E06000030,Swindon,-8,Does not apply,0
E06000030,Swindon,1,Household is not deprived in any dimension,47251
E06000030,Swindon,2,Household is deprived in one dimension,32397
E06000030,Swindon,3,Household is deprived in two dimensions,12869
E06000030,Swindon,4,Household is deprived in three dimensions,3167
E06000030,Swindon,5,Household is deprived in four dimensions,178
E06000031,Peterborough,-8,Does not apply,0
E06000031,Peterborough,1,Household is not deprived in any dimension,38082
E06000031,Peterborough,2,Household is deprived in one dimension,29514
E06000031,Peterborough,3,Household is deprived in two dimensions,13102
E06000031,Peterborough,4,Household is deprived in three dimensions,3578
E06000031,Peterborough,5,Household is deprived in four dimensions,257
E06000032,Luton,-8,Does not apply,0
E06000032,Luton,1,Household is not deprived in any dimension,32610
E06000032,Luton,2,Household is deprived in one dimension,28763
E06000032,Luton,3,Household is deprived in two dimensions,13520
E06000032,Luton,4,Household is deprived in three dimensions,3732
E06000032,Luton,5,Household is deprived in four dimensions,315
E06000033,Southend-on-Sea,-8,Does not apply,0
E06000033,Southend-on-Sea,1,Household is not deprived in any dimension,35711
E06000033,Southend-on-Sea,2,Household is deprived in one dimension,27058
E06000033,Southend-on-Sea,3,Household is deprived in two dimensions,11979
E06000033,Southend-on-Sea,4,Household is deprived in three dimensions,3277
E06000033,Southend-on-Sea,5,Household is deprived in four dimensions,319
E06000034,Thurrock,-8,Does not apply,0
E06000034,Thurrock,1,Household is not deprived in any dimension,30305
E06000034,Thurrock,2,Household is deprived in one dimension,23194
E06000034,Thurrock,3,Household is deprived in two dimensions,10204
E06000034,Thurrock,4,Household is deprived in three dimensions,2500
E06000034,Thurrock,5,Household is deprived in four dimensions,174
E06000035,Medway,-8,Does not apply,0
E06000035,Medway,1,Household is not deprived in any dimension,51808
E06000035,Medway,2,Household is deprived in one dimension,38410
E06000035,Medway,3,Household is deprived in two dimensions,16523
E06000035,Medway,4,Household is deprived in three dimensions,4326
E06000035,Medway,5,Household is deprived in four dimensions,391
E06000036,Bracknell Forest,-8,Does not apply,0
E06000036,Bracknell Forest,1,Household is not deprived in any dimension,28327
E06000036,Bracknell Forest,2,Household is deprived in one dimension,15641
E06000036,Bracknell Forest,3,Household is deprived in two dimensions,5132
E06000036,Bracknell Forest,4,Household is deprived in three dimensions,1069
E06000036,Bracknell Forest,5,Household is deprived in four dimensions,79
E06000037,West Berkshire,-8,Does not apply,0
E06000037,West Berkshire,1,Household is not deprived in any dimension,37321
E06000037,West Berkshire,2,Household is deprived in one dimension,21058
E06000037,West Berkshire,3,Household is deprived in two dimensions,6829
E06000037,West Berkshire,4,Household is deprived in three dimensions,1365
E06000037,West Berkshire,5,Household is deprived in four dimensions,85
E06000038,Reading,-8,Does not apply,0
E06000038,Reading,1,Household is not deprived in any dimension,34684
E06000038,Reading,2,Household is deprived in one dimension,21772
E06000038,Reading,3,Household is deprived in two dimensions,8682
E06000038,Reading,4,Household is deprived in three dimensions,2350
E06000038,Reading,5,Household is deprived in four dimensions,195
E06000039,Slough,-8,Does not apply,0
E06000039,Slough,1,Household is not deprived in any dimension,22184
E06000039,Slough,2,Household is deprived in one dimension,19176
E06000039,Slough,3,Household is deprived in two dimensions,8603
E06000039,Slough,4,Household is deprived in three dimensions,2293
E06000039,Slough,5,Household is deprived in four dimensions,168
E06000040,Windsor and Maidenhead,-8,Does not apply,0
E06000040,Windsor and Maidenhead,1,Household is not deprived in any dimension,35924
E06000040,Windsor and Maidenhead,2,Household is deprived in one dimension,18161
E06000040,Windsor and Maidenhead,3,Household is deprived in two dimensions,5724
E06000040,Windsor and Maidenhead,4,Household is deprived in three dimensions,1071
E06000040,Windsor and Maidenhead,5,Household is deprived in four dimensions,53
E06000041,Wokingham,-8,Does not apply,0
E06000041,Wokingham,1,Household is not deprived in any dimension,42518
E06000041,Wokingham,2,Household is deprived in one dimension,20173
E06000041,Wokingham,3,Household is deprived in two dimensions,5513
E06000041,Wokingham,4,Household is deprived in three dimensions,900
E06000041,Wokingham,5,Household is deprived in four dimensions,60
E06000042,Milton Keynes,-8,Does not apply,0
E06000042,Milton Keynes,1,Household is not deprived in any dimension,57966
E06000042,Milton Keynes,2,Household is deprived in one dimension,36777
E06000042,Milton Keynes,3,Household is deprived in two dimensions,14442
E06000042,Milton Keynes,4,Household is deprived in three dimensions,3653
E06000042,Milton Keynes,5,Household is deprived in four dimensions,264
E06000043,Brighton and Hove,-8,Does not apply,0
E06000043,Brighton and Hove,1,Household is not deprived in any dimension,58122
E06000043,Brighton and Hove,2,Household is deprived in one dimension,40060
E06000043,Brighton and Hove,3,Household is deprived in two dimensions,17461
E06000043,Brighton and Hove,4,Household is deprived in three dimensions,5195
E06000043,Brighton and Hove,5,Household is deprived in four dimensions,563
E06000044,Portsmouth,-8,Does not apply,0
E06000044,Portsmouth,1,Household is not deprived in any dimension,40658
E06000044,Portsmouth,2,Household is deprived in one dimension,28802
E06000044,Portsmouth,3,Household is deprived in two dimensions,12890
E06000044,Portsmouth,4,Household is deprived in three dimensions,3524
E06000044,Portsmouth,5,Household is deprived in four dimensions,281
E06000045,Southampton,-8,Does not apply,0
E06000045,Southampton,1,Household is not deprived in any dimension,46401
E06000045,Southampton,2,Household is deprived in one dimension,35075
E06000045,Southampton,3,Household is deprived in two dimensions,15830
E06000045,Southampton,4,Household is deprived in three dimensions,4573
E06000045,Southampton,5,Household is deprived in four dimensions,412
E06000046,Isle of Wight,-8,Does not apply,0
E06000046,Isle of Wight,1,Household is not deprived in any dimension,28569
E06000046,Isle of Wight,2,Household is deprived in one dimension,23476
E06000046,Isle of Wight,3,Household is deprived in two dimensions,10070
E06000046,Isle of Wight,4,Household is deprived in three dimensions,2465
E06000046,Isle of Wight,5,Household is deprived in four dimensions,195
E06000047,County Durham,-8,Does not apply,0
E06000047,County Durham,1,Household is not deprived in any dimension,104412
E06000047,County Durham,2,Household is deprived in one dimension,79207
E06000047,County Durham,3,Household is deprived in two dimensions,39903
E06000047,County Durham,4,Household is deprived in three dimensions,10931
E06000047,County Durham,5,Household is deprived in four dimensions,308
E06000049,Cheshire East,-8,Does not apply,0
E06000049,Cheshire East,1,Household is not deprived in any dimension,95796
E06000049,Cheshire East,2,Household is deprived in one dimension,55229
E06000049,Cheshire East,3,Household is deprived in two dimensions,19584
E06000049,Cheshire East,4,Household is deprived in three dimensions,4086
E06000049,Cheshire East,5,Household is deprived in four dimensions,161
E06000050,Cheshire West and Chester,-8,Does not apply,0
E06000050,Cheshire West and Chester,1,Household is not deprived in any dimension,80756
E06000050,Cheshire West and Chester,2,Household is deprived in one dimension,49835
E06000050,Cheshire West and Chester,3,Household is deprived in two dimensions,19598
E06000050,Cheshire West and Chester,4,Household is deprived in three dimensions,4721
E06000050,Cheshire West and Chester,5,Household is deprived in four dimensions,246
E06000051,Shropshire,-8,Does not apply,0
E06000051,Shropshire,1,Household is not deprived in any dimension,70872
E06000051,Shropshire,2,Household is deprived in one dimension,47508
E06000051,Shropshire,3,Household is deprived in two dimensions,17359
E06000051,Shropshire,4,Household is deprived in three dimensions,3697
E06000051,Shropshire,5,Household is deprived in four dimensions,143
E06000052,Cornwall,-8,Does not apply,0
E06000052,Cornwall,1,Household is not deprived in any dimension,115522
E06000052,Cornwall,2,Household is deprived in one dimension,88881
E06000052,Cornwall,3,Household is deprived in two dimensions,36692
E06000052,Cornwall,4,Household is deprived in three dimensions,8750
E06000052,Cornwall,5,Household is deprived in four dimensions,690
E06000053,Isles of Scilly,-8,Does not apply,0
E06000053,Isles of Scilly,1,Household is not deprived in any dimension,478
E06000053,Isles of Scilly,2,Household is deprived in one dimension,337
E06000053,Isles of Scilly,3,Household is deprived in two dimensions,106
E06000053,Isles of Scilly,4,Household is deprived in three dimensions,21
E06000053,Isles of Scilly,5,Household is deprived in four dimensions,0
E06000054,Wiltshire,-8,Does not apply,0
E06000054,Wiltshire,1,Household is not deprived in any dimension,114886
E06000054,Wiltshire,2,Household is deprived in one dimension,70924
E06000054,Wiltshire,3,Household is deprived in two dimensions,24198
E06000054,Wiltshire,4,Household is deprived in three dimensions,4848
E06000054,Wiltshire,5,Household is deprived in four dimensions,225
E06000055,Bedford,-8,Does not apply,0
E06000055,Bedford,1,Household is not deprived in any dimension,38704
E06000055,Bedford,2,Household is deprived in one dimension,24497
E06000055,Bedford,3,Household is deprived in two dimensions,9293
E06000055,Bedford,4,Household is deprived in three dimensions,2224
E06000055,Bedford,5,Household is deprived in four dimensions,232
E06000056,Central Bedfordshire,-8,Does not apply,0
E06000056,Central Bedfordshire,1,Household is not deprived in any dimension,66142
E06000056,Central Bedfordshire,2,Household is deprived in one dimension,38934
E06000056,Central Bedfordshire,3,Household is deprived in two dimensions,12938
E06000056,Central Bedfordshire,4,Household is deprived in three dimensions,2607
E06000056,Central Bedfordshire,5,Household is deprived in four dimensions,133
E06000057,Northumberland,-8,Does not apply,0
E06000057,Northumberland,1,Household is not deprived in any dimension,71280
E06000057,Northumberland,2,Household is deprived in one dimension,49905
E06000057,Northumberland,3,Household is deprived in two dimensions,20510
E06000057,Northumberland,4,Household is deprived in three dimensions,5035
E06000057,Northumberland,5,Household is deprived in four dimensions,191
E06000058,"Bournemouth, Christchurch and Poole",-8,Does not apply,0
E06000058,"Bournemouth, Christchurch and Poole",1,Household is not deprived in any dimension,83966
E06000058,"Bournemouth, Christchurch and Poole",2,Household is deprived in one dimension,59166
E06000058,"Bournemouth, Christchurch and Poole",3,Household is deprived in two dimensions,24231
E06000058,"Bournemouth, Christchurch and Poole",4,Household is deprived in three dimensions,5889
E06000058,"Bournemouth, Christchurch and Poole",5,Household is deprived in four dimensions,590
E06000059,Dorset,-8,Does not apply,0
E06000059,Dorset,1,Household is not deprived in any dimension,84472
E06000059,Dorset,2,Household is deprived in one dimension,59229
E06000059,Dorset,3,Household is deprived in two dimensions,21130
E06000059,Dorset,4,Household is deprived in three dimensions,4136
E06000059,Dorset,5,Household is deprived in four dimensions,291
E06000060,Buckinghamshire,-8,Does not apply,0
E06000060,Buckinghamshire,1,Household is not deprived in any dimension,125932
E06000060,Buckinghamshire,2,Household is deprived in one dimension,68311
E06000060,Buckinghamshire,3,Household is deprived in two dimensions,21635
E06000060,Buckinghamshire,4,Household is deprived in three dimensions,4208
E06000060,Buckinghamshire,5,Household is deprived in four dimensions,242
E06000061,North Northamptonshire,-8,Does not apply,0
E06000061,North Northamptonshire,1,Household is not deprived in any dimension,72737
E06000061,North Northamptonshire,2,Household is deprived in one dimension,50657
E06000061,North Northamptonshire,3,Household is deprived in two dimensions,20356
E06000061,North Northamptonshire,4,Household is deprived in three dimensions,4918
E06000061,North Northamptonshire,5,Household is deprived in four dimensions,248
E06000062,West Northamptonshire,-8,Does not apply,0
E06000062,West Northamptonshire,1,Household is not deprived in any dimension,89483
E06000062,West Northamptonshire,2,Household is deprived in one dimension,57289
E06000062,West Northamptonshire,3,Household is deprived in two dimensions,20930
E06000062,West Northamptonshire,4,Household is deprived in three dimensions,4659
E06000062,West Northamptonshire,5,Household is deprived in four dimensions,280
E08000001,Bolton,-8,Does not apply,0
E08000001,Bolton,1,Household is not deprived in any dimension,51290
E08000001,Bolton,2,Household is deprived in one dimension,40539
E08000001,Bolton,3,Household is deprived in two dimensions,20373
E08000001,Bolton,4,Household is deprived in three dimensions,6244
E08000001,Bolton,5,Household is deprived in four dimensions,343
E08000002,Bury,-8,Does not apply,0
E08000002,Bury,1,Household is not deprived in any dimension,38309
E08000002,Bury,2,Household is deprived in one dimension,27078
E08000002,Bury,3,Household is deprived in two dimensions,11875
E08000002,Bury,4,Household is deprived in three dimensions,3263
E08000002,Bury,5,Household is deprived in four dimensions,170
E08000003,Manchester,-8,Does not apply,0
E08000003,Manchester,1,Household is not deprived in any dimension,93533
E08000003,Manchester,2,Household is deprived in one dimension,70524
E08000003,Manchester,3,Household is deprived in two dimensions,36937
E08000003,Manchester,4,Household is deprived in three dimensions,12983
E08000003,Manchester,5,Household is deprived in four dimensions,752
E08000004,Oldham,-8,Does not apply,0
E08000004,Oldham,1,Household is not deprived in any dimension,38130
E08000004,Oldham,2,Household is deprived in one dimension,32275
E08000004,Oldham,3,Household is deprived in two dimensions,16920
E08000004,Oldham,4,Household is deprived in three dimensions,5520
E08000004,Oldham,5,Household is deprived in four dimensions,292
E08000005,Rochdale,-8,Does not apply,0
E08000005,Rochdale,1,Household is not deprived in any dimension,38481
E08000005,Rochdale,2,Household is deprived in one dimension,30724
E08000005,Rochdale,3,Household is deprived in two dimensions,15621
E08000005,Rochdale,4,Household is deprived in three dimensions,5084
E08000005,Rochdale,5,Household is deprived in four dimensions,313
E08000006,Salford,-8,Does not apply,0
E08000006,Salford,1,Household is not deprived in any dimension,53457
E08000006,Salford,2,Household is deprived in one dimension,37170
E08000006,Salford,3,Household is deprived in two dimensions,18229
E08000006,Salford,4,Household is deprived in three dimensions,5963
E08000006,Salford,5,Household is deprived in four dimensions,297
E08000007,Stockport,-8,Does not apply,0
E08000007,Stockport,1,Household is not deprived in any dimension,64926
E08000007,Stockport,2,Household is deprived in one dimension,40720
E08000007,Stockport,3,Household is deprived in two dimensions,16441
E08000007,Stockport,4,Household is deprived in three dimensions,4294
E08000007,Stockport,5,Household is deprived in four dimensions,267
E08000008,Tameside,-8,Does not apply,0
E08000008,Tameside,1,Household is not deprived in any dimension,42979
E08000008,Tameside,2,Household is deprived in one dimension,34038
E08000008,Tameside,3,Household is deprived in two dimensions,17056
E08000008,Tameside,4,Household is deprived in three dimensions,5142
E08000008,Tameside,5,Household is deprived in four dimensions,312
E08000009,Trafford,-8,Does not apply,0
E08000009,Trafford,1,Household is not deprived in any dimension,51885
E08000009,Trafford,2,Household is deprived in one dimension,29699
E08000009,Trafford,3,Household is deprived in two dimensions,11666
E08000009,Trafford,4,Household is deprived in three dimensions,2883
E08000009,Trafford,5,Household is deprived in four dimensions,136
E08000010,Wigan,-8,Does not apply,0
E08000010,Wigan,1,Household is not deprived in any dimension,66618
E08000010,Wigan,2,Household is deprived in one dimension,46951
E08000010,Wigan,3,Household is deprived in two dimensions,22904
E08000010,Wigan,4,Household is deprived in three dimensions,6380
E08000010,Wigan,5,Household is deprived in four dimensions,252
E08000011,Knowsley,-8,Does not apply,0
E08000011,Knowsley,1,Household is not deprived in any dimension,26952
E08000011,Knowsley,2,Household is deprived in one dimension,21374
E08000011,Knowsley,3,Household is deprived in two dimensions,12688
E08000011,Knowsley,4,Household is deprived in three dimensions,4856
E08000011,Knowsley,5,Household is deprived in four dimensions,203
E08000012,Liverpool,-8,Does not apply,0
E08000012,Liverpool,1,Household is not deprived in any dimension,86264
E08000012,Liverpool,2,Household is deprived in one dimension,67761
E08000012,Liverpool,3,Household is deprived in two dimensions,38407
E08000012,Liverpool,4,Household is deprived in three dimensions,14386
E08000012,Liverpool,5,Household is deprived in four dimensions,673
E08000013,St. Helens,-8,Does not apply,0
E08000013,St. Helens,1,Household is not deprived in any dimension,35793
E08000013,St. Helens,2,Household is deprived in one dimension,27070
E08000013,St. Helens,3,Household is deprived in two dimensions,13852
E08000013,St. Helens,4,Household is deprived in three dimensions,4161
E08000013,St. Helens,5,Household is deprived in four dimensions,137
E08000014,Sefton,-8,Does not apply,0
E08000014,Sefton,1,Household is not deprived in any dimension,55668
E08000014,Sefton,2,Household is deprived in one dimension,41850
E08000014,Sefton,3,Household is deprived in two dimensions,19817
E08000014,Sefton,4,Household is deprived in three dimensions,5463
E08000014,Sefton,5,Household is deprived in four dimensions,275
E08000015,Wirral,-8,Does not apply,0
E08000015,Wirral,1,Household is not deprived in any dimension,65530
E08000015,Wirral,2,Household is deprived in one dimension,47854
E08000015,Wirral,3,Household is deprived in two dimensions,22925
E08000015,Wirral,4,Household is deprived in three dimensions,6645
E08000015,Wirral,5,Household is deprived in four dimensions,298
E08000016,Barnsley,-8,Does not apply,0
E08000016,Barnsley,1,Household is not deprived in any dimension,46238
E08000016,Barnsley,2,Household is deprived in one dimension,36682
E08000016,Barnsley,3,Household is deprived in two dimensions,19079
E08000016,Barnsley,4,Household is deprived in three dimensions,5815
E08000016,Barnsley,5,Household is deprived in four dimensions,239
E08000017,Doncaster,-8,Does not apply,0
E08000017,Doncaster,1,Household is not deprived in any dimension,58391
E08000017,Doncaster,2,Household is deprived in one dimension,46328
E08000017,Doncaster,3,Household is deprived in two dimensions,22336
E08000017,Doncaster,4,Household is deprived in three dimensions,6171
E08000017,Doncaster,5,Household is deprived in four dimensions,253
E08000018,Rotherham,-8,Does not apply,0
E08000018,Rotherham,1,Household is not deprived in any dimension,49653
E08000018,Rotherham,2,Household is deprived in one dimension,38666
E08000018,Rotherham,3,Household is deprived in two dimensions,19862
E08000018,Rotherham,4,Household is deprived in three dimensions,5520
E08000018,Rotherham,5,Household is deprived in four dimensions,224
E08000019,Sheffield,-8,Does not apply,0
E08000019,Sheffield,1,Household is not deprived in any dimension,105238
E08000019,Sheffield,2,Household is deprived in one dimension,78863
E08000019,Sheffield,3,Household is deprived in two dimensions,36628
E08000019,Sheffield,4,Household is deprived in three dimensions,10582
E08000019,Sheffield,5,Household is deprived in four dimensions,639
E08000021,Newcastle upon Tyne,-8,Does not apply,0
E08000021,Newcastle upon Tyne,1,Household is not deprived in any dimension,56768
E08000021,Newcastle upon Tyne,2,Household is deprived in one dimension,40169
E08000021,Newcastle upon Tyne,3,Household is deprived in two dimensions,19418
E08000021,Newcastle upon Tyne,4,Household is deprived in three dimensions,6149
E08000021,Newcastle upon Tyne,5,Household is deprived in four dimensions,293
E08000022,North Tyneside,-8,Does not apply,0
E08000022,North Tyneside,1,Household is not deprived in any dimension,47576
E08000022,North Tyneside,2,Household is deprived in one dimension,31265
E08000022,North Tyneside,3,Household is deprived in two dimensions,13730
E08000022,North Tyneside,4,Household is deprived in three dimensions,3546
E08000022,North Tyneside,5,Household is deprived in four dimensions,119
E08000023,South Tyneside,-8,Does not apply,0
E08000023,South Tyneside,1,Household is not deprived in any dimension,29586
E08000023,South Tyneside,2,Household is deprived in one dimension,23302
E08000023,South Tyneside,3,Household is deprived in two dimensions,11971
E08000023,South Tyneside,4,Household is deprived in three dimensions,3323
E08000023,South Tyneside,5,Household is deprived in four dimensions,105
E08000024,Sunderland,-8,Does not apply,0
E08000024,Sunderland,1,Household is not deprived in any dimension,50665
E08000024,Sunderland,2,Household is deprived in one dimension,42435
E08000024,Sunderland,3,Household is deprived in two dimensions,22163
E08000024,Sunderland,4,Household is deprived in three dimensions,6645
E08000024,Sunderland,5,Household is deprived in four dimensions,269
E08000025,Birmingham,-8,Does not apply,0
E08000025,Birmingham,1,Household is not deprived in any dimension,171117
E08000025,Birmingham,2,Household is deprived in one dimension,146765
E08000025,Birmingham,3,Household is deprived in two dimensions,78859
E08000025,Birmingham,4,Household is deprived in three dimensions,25045
E08000025,Birmingham,5,Household is deprived in four dimensions,1670
E08000026,Coventry,-8,Does not apply,0
E08000026,Coventry,1,Household is not deprived in any dimension,60360
E08000026,Coventry,2,Household is deprived in one dimension,45659
E08000026,Coventry,3,Household is deprived in two dimensions,21411
E08000026,Coventry,4,Household is deprived in three dimensions,6219
E08000026,Coventry,5,Household is deprived in four dimensions,491
E08000027,Dudley,-8,Does not apply,0
E08000027,Dudley,1,Household is not deprived in any dimension,60524
E08000027,Dudley,2,Household is deprived in one dimension,47358
E08000027,Dudley,3,Household is deprived in two dimensions,23098
E08000027,Dudley,4,Household is deprived in three dimensions,5837
E08000027,Dudley,5,Household is deprived in four dimensions,256
E08000028,Sandwell,-8,Does not apply,0
E08000028,Sandwell,1,Household is not deprived in any dimension,49389
E08000028,Sandwell,2,Household is deprived in one dimension,46055
E08000028,Sandwell,3,Household is deprived in two dimensions,26244
E08000028,Sandwell,4,Household is deprived in three dimensions,8161
E08000028,Sandwell,5,Household is deprived in four dimensions,395
E08000029,Solihull,-8,Does not apply,0
E08000029,Solihull,1,Household is not deprived in any dimension,45378
E08000029,Solihull,2,Household is deprived in one dimension,28916
E08000029,Solihull,3,Household is deprived in two dimensions,12109
E08000029,Solihull,4,Household is deprived in three dimensions,2915
E08000029,Solihull,5,Household is deprived in four dimensions,165
E08000030,Walsall,-8,Does not apply,0
E08000030,Walsall,1,Household is not deprived in any dimension,45129
E08000030,Walsall,2,Household is deprived in one dimension,39289
E08000030,Walsall,3,Household is deprived in two dimensions,21212
E08000030,Walsall,4,Household is deprived in three dimensions,6280
E08000030,Walsall,5,Household is deprived in four dimensions,316
E08000031,Wolverhampton,-8,Does not apply,0
E08000031,Wolverhampton,1,Household is not deprived in any dimension,42414
E08000031,Wolverhampton,2,Household is deprived in one dimension,37053
E08000031,Wolverhampton,3,Household is deprived in two dimensions,19711
E08000031,Wolverhampton,4,Household is deprived in three dimensions,5649
E08000031,Wolverhampton,5,Household is deprived in four dimensions,314
E08000032,Bradford,-8,Does not apply,0
E08000032,Bradford,1,Household is not deprived in any dimension,90141
E08000032,Bradford,2,Household is deprived in one dimension,72227
E08000032,Bradford,3,Household is deprived in two dimensions,35313
E08000032,Bradford,4,Household is deprived in three dimensions,11416
E08000032,Bradford,5,Household is deprived in four dimensions,770
E08000033,Calderdale,-8,Does not apply,0
E08000033,Calderdale,1,Household is not deprived in any dimension,43225
E08000033,Calderdale,2,Household is deprived in one dimension,29923
E08000033,Calderdale,3,Household is deprived in two dimensions,13398
E08000033,Calderdale,4,Household is deprived in three dimensions,3731
E08000033,Calderdale,5,Household is deprived in four dimensions,199
E08000034,Kirklees,-8,Does not apply,0
E08000034,Kirklees,1,Household is not deprived in any dimension,82995
E08000034,Kirklees,2,Household is deprived in one dimension,59593
E08000034,Kirklees,3,Household is deprived in two dimensions,27052
E08000034,Kirklees,4,Household is deprived in three dimensions,7881
E08000034,Kirklees,5,Household is deprived in four dimensions,469
E08000035,Leeds,-8,Does not apply,0
E08000035,Leeds,1,Household is not deprived in any dimension,164958
E08000035,Leeds,2,Household is deprived in one dimension,112338
E08000035,Leeds,3,Household is deprived in two dimensions,49084
E08000035,Leeds,4,Household is deprived in three dimensions,14124
E08000035,Leeds,5,Household is deprived in four dimensions,962
E08000036,Wakefield,-8,Does not apply,0
E08000036,Wakefield,1,Household is not deprived in any dimension,68485
E08000036,Wakefield,2,Household is deprived in one dimension,51797
E08000036,Wakefield,3,Household is deprived in two dimensions,25294
E08000036,Wakefield,4,Household is deprived in three dimensions,7240
E08000036,Wakefield,5,Household is deprived in four dimensions,260
E08000037,Gateshead,-8,Does not apply,0
E08000037,Gateshead,1,Household is not deprived in any dimension,39877
E08000037,Gateshead,2,Household is deprived in one dimension,29733
E08000037,Gateshead,3,Household is deprived in two dimensions,14850
E08000037,Gateshead,4,Household is deprived in three dimensions,4376
E08000037,Gateshead,5,Household is deprived in four dimensions,163
E09000001,City of London,-8,Does not apply,0
E09000001,City of London,1,Household is not deprived in any dimension,2937
E09000001,City of London,2,Household is deprived in one dimension,1547
E09000001,City of London,3,Household is deprived in two dimensions,347
E09000001,City of London,4,Household is deprived in three dimensions,75
E09000001,City of London,5,Household is deprived in four dimensions,8
E09000002,Barking and Dagenham,-8,Does not apply,0
E09000002,Barking and Dagenham,1,Household is not deprived in any dimension,27781
E09000002,Barking and Dagenham,2,Household is deprived in one dimension,27396
E09000002,Barking and Dagenham,3,Household is deprived in two dimensions,14090
E09000002,Barking and Dagenham,4,Household is deprived in three dimensions,4348
E09000002,Barking and Dagenham,5,Household is deprived in four dimensions,287
E09000003,Barnet,-8,Does not apply,0
E09000003,Barnet,1,Household is not deprived in any dimension,73825
E09000003,Barnet,2,Household is deprived in one dimension,49136
E09000003,Barnet,3,Household is deprived in two dimensions,19877
E09000003,Barnet,4,Household is deprived in three dimensions,5415
E09000003,Barnet,5,Household is deprived in four dimensions,668
E09000004,Bexley,-8,Does not apply,0
E09000004,Bexley,1,Household is not deprived in any dimension,46238
E09000004,Bexley,2,Household is deprived in one dimension,32625
E09000004,Bexley,3,Household is deprived in two dimensions,13232
E09000004,Bexley,4,Household is deprived in three dimensions,2998
E09000004,Bexley,5,Household is deprived in four dimensions,206
E09000005,Brent,-8,Does not apply,0
E09000005,Brent,1,Household is not deprived in any dimension,47376
E09000005,Brent,2,Household is deprived in one dimension,43300
E09000005,Brent,3,Household is deprived in two dimensions,21017
E09000005,Brent,4,Household is deprived in three dimensions,6328
E09000005,Brent,5,Household is deprived in four dimensions,591
E09000006,Bromley,-8,Does not apply,0
E09000006,Bromley,1,Household is not deprived in any dimension,74219
E09000006,Bromley,2,Household is deprived in one dimension,42434
E09000006,Bromley,3,Household is deprived in two dimensions,15360
E09000006,Bromley,4,Household is deprived in three dimensions,3586
E09000006,Bromley,5,Household is deprived in four dimensions,228
E09000007,Camden,-8,Does not apply,0
E09000007,Camden,1,Household is not deprived in any dimension,44082
E09000007,Camden,2,Household is deprived in one dimension,29601
E09000007,Camden,3,Household is deprived in two dimensions,13535
E09000007,Camden,4,Household is deprived in three dimensions,4938
E09000007,Camden,5,Household is deprived in four dimensions,603
E09000008,Croydon,-8,Does not apply,0
E09000008,Croydon,1,Household is not deprived in any dimension,73406
E09000008,Croydon,2,Household is deprived in one dimension,51772
E09000008,Croydon,3,Household is deprived in two dimensions,21635
E09000008,Croydon,4,Household is deprived in three dimensions,5581
E09000008,Croydon,5,Household is deprived in four dimensions,552
E09000009,Ealing,-8,Does not apply,0
E09000009,Ealing,1,Household is not deprived in any dimension,61529
E09000009,Ealing,2,Household is deprived in one dimension,45650
E09000009,Ealing,3,Household is deprived in two dimensions,20275
E09000009,Ealing,4,Household is deprived in three dimensions,5686
E09000009,Ealing,5,Household is deprived in four dimensions,518
E09000010,Enfield,-8,Does not apply,0
E09000010,Enfield,1,Household is not deprived in any dimension,51013
E09000010,Enfield,2,Household is deprived in one dimension,43120
E09000010,Enfield,3,Household is deprived in two dimensions,20209
E09000010,Enfield,4,Household is deprived in three dimensions,6012
E09000010,Enfield,5,Household is deprived in four dimensions,566
E09000011,Greenwich,-8,Does not apply,0
E09000011,Greenwich,1,Household is not deprived in any dimension,55023
E09000011,Greenwich,2,Household is deprived in one dimension,36622
E09000011,Greenwich,3,Household is deprived in two dimensions,16597
E09000011,Greenwich,4,Household is deprived in three dimensions,5382
E09000011,Greenwich,5,Household is deprived in four dimensions,428
E09000012,Hackney,-8,Does not apply,0
E09000012,Hackney,1,Household is not deprived in any dimension,47686
E09000012,Hackney,2,Household is deprived in one dimension,34486
E09000012,Hackney,3,Household is deprived in two dimensions,16971
E09000012,Hackney,4,Household is deprived in three dimensions,6333
E09000012,Hackney,5,Household is deprived in four dimensions,605
E09000013,Hammersmith and Fulham,-8,Does not apply,0
E09000013,Hammersmith and Fulham,1,Household is not deprived in any dimension,41748
E09000013,Hammersmith and Fulham,2,Household is deprived in one dimension,25243
E09000013,Hammersmith and Fulham,3,Household is deprived in two dimensions,10555
E09000013,Hammersmith and Fulham,4,Household is deprived in three dimensions,3319
E09000013,Hammersmith and Fulham,5,Household is deprived in four dimensions,379
E09000014,Haringey,-8,Does not apply,0
E09000014,Haringey,1,Household is not deprived in any dimension,45524
E09000014,Haringey,2,Household is deprived in one dimension,35580
E09000014,Haringey,3,Household is deprived in two dimensions,17629
E09000014,Haringey,4,Household is deprived in three dimensions,5755
E09000014,Haringey,5,Household is deprived in four dimensions,607
E09000015,Harrow,-8,Does not apply,0
E09000015,Harrow,1,Household is not deprived in any dimension,43681
E09000015,Harrow,2,Household is deprived in one dimension,30953
E09000015,Harrow,3,Household is deprived in two dimensions,12012
E09000015,Harrow,4,Household is deprived in three dimensions,2763
E09000015,Harrow,5,Household is deprived in four dimensions,233
E09000016,Havering,-8,Does not apply,0
E09000016,Havering,1,Household is not deprived in any dimension,47903
E09000016,Havering,2,Household is deprived in one dimension,34966
E09000016,Havering,3,Household is deprived in two dimensions,14859
E09000016,Havering,4,Household is deprived in three dimensions,3337
E09000016,Havering,5,Household is deprived in four dimensions,212
E09000017,Hillingdon,-8,Does not apply,0
E09000017,Hillingdon,1,Household is not deprived in any dimension,50136
E09000017,Hillingdon,2,Household is deprived in one dimension,38207
E09000017,Hillingdon,3,Household is deprived in two dimensions,16448
E09000017,Hillingdon,4,Household is deprived in three dimensions,4110
E09000017,Hillingdon,5,Household is deprived in four dimensions,327
E09000018,Hounslow,-8,Does not apply,0
E09000018,Hounslow,1,Household is not deprived in any dimension,45406
E09000018,Hounslow,2,Household is deprived in one dimension,36270
E09000018,Hounslow,3,Household is deprived in two dimensions,16488
E09000018,Hounslow,4,Household is deprived in three dimensions,4377
E09000018,Hounslow,5,Household is deprived in four dimensions,420
E09000019,Islington,-8,Does not apply,0
E09000019,Islington,1,Household is not deprived in any dimension,46657
E09000019,Islington,2,Household is deprived in one dimension,29403
E09000019,Islington,3,Household is deprived in two dimensions,14577
E09000019,Islington,4,Household is deprived in three dimensions,5409
E09000019,Islington,5,Household is deprived in four dimensions,450
E09000020,Kensington and Chelsea,-8,Does not apply,0
E09000020,Kensington and Chelsea,1,Household is not deprived in any dimension,35174
E09000020,Kensington and Chelsea,2,Household is deprived in one dimension,20245
E09000020,Kensington and Chelsea,3,Household is deprived in two dimensions,8121
E09000020,Kensington and Chelsea,4,Household is deprived in three dimensions,2918
E09000020,Kensington and Chelsea,5,Household is deprived in four dimensions,426
E09000021,Kingston upon Thames,-8,Does not apply,0
E09000021,Kingston upon Thames,1,Household is not deprived in any dimension,36639
E09000021,Kingston upon Thames,2,Household is deprived in one dimension,20274
E09000021,Kingston upon Thames,3,Household is deprived in two dimensions,7045
E09000021,Kingston upon Thames,4,Household is deprived in three dimensions,1552
E09000021,Kingston upon Thames,5,Household is deprived in four dimensions,116
E09000022,Lambeth,-8,Does not apply,0
E09000022,Lambeth,1,Household is not deprived in any dimension,67366
E09000022,Lambeth,2,Household is deprived in one dimension,42725
E09000022,Lambeth,3,Household is deprived in two dimensions,18625
E09000022,Lambeth,4,Household is deprived in three dimensions,5499
E09000022,Lambeth,5,Household is deprived in four dimensions,473
E09000023,Lewisham,-8,Does not apply,0
E09000023,Lewisham,1,Household is not deprived in any dimension,57783
E09000023,Lewisham,2,Household is deprived in one dimension,39762
E09000023,Lewisham,3,Household is deprived in two dimensions,18556
E09000023,Lewisham,4,Household is deprived in three dimensions,5755
E09000023,Lewisham,5,Household is deprived in four dimensions,536
E09000024,Merton,-8,Does not apply,0
E09000024,Merton,1,Household is not deprived in any dimension,44057
E09000024,Merton,2,Household is deprived in one dimension,25596
E09000024,Merton,3,Household is deprived in two dimensions,9632
E09000024,Merton,4,Household is deprived in three dimensions,2276
E09000024,Merton,5,Household is deprived in four dimensions,168
E09000025,Newham,-8,Does not apply,0
E09000025,Newham,1,Household is not deprived in any dimension,45399
E09000025,Newham,2,Household is deprived in one dimension,41296
E09000025,Newham,3,Household is deprived in two dimensions,21230
E09000025,Newham,4,Household is deprived in three dimensions,7081
E09000025,Newham,5,Household is deprived in four dimensions,501
E09000026,Redbridge,-8,Does not apply,0
E09000026,Redbridge,1,Household is not deprived in any dimension,47994
E09000026,Redbridge,2,Household is deprived in one dimension,36254
E09000026,Redbridge,3,Household is deprived in two dimensions,15319
E09000026,Redbridge,4,Household is deprived in three dimensions,3869
E09000026,Redbridge,5,Household is deprived in four dimensions,277
E09000027,Richmond upon Thames,-8,Does not apply,0
E09000027,Richmond upon Thames,1,Household is not deprived in any dimension,49261
E09000027,Richmond upon Thames,2,Household is deprived in one dimension,22644
E09000027,Richmond upon Thames,3,Household is deprived in two dimensions,6992
E09000027,Richmond upon Thames,4,Household is deprived in three dimensions,1678
E09000027,Richmond upon Thames,5,Household is deprived in four dimensions,130
E09000028,Southwark,-8,Does not apply,0
E09000028,Southwark,1,Household is not deprived in any dimension,63507
E09000028,Southwark,2,Household is deprived in one dimension,41817
E09000028,Southwark,3,Household is deprived in two dimensions,19018
E09000028,Southwark,4,Household is deprived in three dimensions,6066
E09000028,Southwark,5,Household is deprived in four dimensions,410
E09000029,Sutton,-8,Does not apply,0
E09000029,Sutton,1,Household is not deprived in any dimension,41892
E09000029,Sutton,2,Household is deprived in one dimension,27257
E09000029,Sutton,3,Household is deprived in two dimensions,10463
E09000029,Sutton,4,Household is deprived in three dimensions,2549
E09000029,Sutton,5,Household is deprived in four dimensions,187
E09000030,Tower Hamlets,-8,Does not apply,0
E09000030,Tower Hamlets,1,Household is not deprived in any dimension,55936
E09000030,Tower Hamlets,2,Household is deprived in one dimension,38337
E09000030,Tower Hamlets,3,Household is deprived in two dimensions,18685
E09000030,Tower Hamlets,4,Household is deprived in three dimensions,7054
E09000030,Tower Hamlets,5,Household is deprived in four dimensions,527
E09000031,Waltham Forest,-8,Does not apply,0
E09000031,Waltham Forest,1,Household is not deprived in any dimension,46576
E09000031,Waltham Forest,2,Household is deprived in one dimension,34786
E09000031,Waltham Forest,3,Household is deprived in two dimensions,16559
E09000031,Waltham Forest,4,Household is deprived in three dimensions,4600
E09000031,Waltham Forest,5,Household is deprived in four dimensions,380
E09000032,Wandsworth,-8,Does not apply,0
E09000032,Wandsworth,1,Household is not deprived in any dimension,80186
E09000032,Wandsworth,2,Household is deprived in one dimension,38272
E09000032,Wandsworth,3,Household is deprived in two dimensions,14425
E09000032,Wandsworth,4,Household is deprived in three dimensions,4113
E09000032,Wandsworth,5,Household is deprived in four dimensions,396
E09000033,Westminster,-8,Does not apply,0
E09000033,Westminster,1,Household is not deprived in any dimension,47540
E09000033,Westminster,2,Household is deprived in one dimension,28839
E09000033,Westminster,3,Household is deprived in two dimensions,12728
E09000033,Westminster,4,Household is deprived in three dimensions,5025
E09000033,Westminster,5,Household is deprived in four dimensions,683
E10000003,Cambridgeshire,-8,Does not apply,0
E10000003,Cambridgeshire,1,Household is not deprived in any dimension,148224
E10000003,Cambridgeshire,2,Household is deprived in one dimension,90739
E10000003,Cambridgeshire,3,Household is deprived in two dimensions,31707
E10000003,Cambridgeshire,4,Household is deprived in three dimensions,6638
E10000003,Cambridgeshire,5,Household is deprived in four dimensions,326
E10000006,Cumbria,-8,Does not apply,0
E10000006,Cumbria,1,Household is not deprived in any dimension,114000
E10000006,Cumbria,2,Household is deprived in one dimension,76788
E10000006,Cumbria,3,Household is deprived in two dimensions,30394
E10000006,Cumbria,4,Household is deprived in three dimensions,7497
E10000006,Cumbria,5,Household is deprived in four dimensions,275
E10000007,Derbyshire,-8,Does not apply,0
E10000007,Derbyshire,1,Household is not deprived in any dimension,172722
E10000007,Derbyshire,2,Household is deprived in one dimension,118737
E10000007,Derbyshire,3,Household is deprived in two dimensions,50238
E10000007,Derbyshire,4,Household is deprived in three dimensions,12030
E10000007,Derbyshire,5,Household is deprived in four dimensions,484
E10000008,Devon,-8,Does not apply,0
E10000008,Devon,1,Household is not deprived in any dimension,174977
E10000008,Devon,2,Household is deprived in one dimension,122461
E10000008,Devon,3,Household is deprived in two dimensions,45351
E10000008,Devon,4,Household is deprived in three dimensions,9209
E10000008,Devon,5,Household is deprived in four dimensions,621
E10000011,East Sussex,-8,Does not apply,0
E10000011,East Sussex,1,Household is not deprived in any dimension,112726
E10000011,East Sussex,2,Household is deprived in one dimension,84740
E10000011,East Sussex,3,Household is deprived in two dimensions,34184
E10000011,East Sussex,4,Household is deprived in three dimensions,7807
E10000011,East Sussex,5,Household is deprived in four dimensions,661
E10000012,Essex,-8,Does not apply,0
E10000012,Essex,1,Household is not deprived in any dimension,307011
E10000012,Essex,2,Household is deprived in one dimension,213515
E10000012,Essex,3,Household is deprived in two dimensions,85342
E10000012,Essex,4,Household is deprived in three dimensions,19278
E10000012,Essex,5,Household is deprived in four dimensions,1326
E10000013,Gloucestershire,-8,Does not apply,0
E10000013,Gloucestershire,1,Household is not deprived in any dimension,149300
E10000013,Gloucestershire,2,Household is deprived in one dimension,90984
E10000013,Gloucestershire,3,Household is deprived in two dimensions,31889
E10000013,Gloucestershire,4,Household is deprived in three dimensions,6845
E10000013,Gloucestershire,5,Household is deprived in four dimensions,411
E10000014,Hampshire,-8,Does not apply,0
E10000014,Hampshire,1,Household is not deprived in any dimension,315968
E10000014,Hampshire,2,Household is deprived in one dimension,191865
E10000014,Hampshire,3,Household is deprived in two dimensions,65775
E10000014,Hampshire,4,Household is deprived in three dimensions,13220
E10000014,Hampshire,5,Household is deprived in four dimensions,866
E10000015,Hertfordshire,-8,Does not apply,0
E10000015,Hertfordshire,1,Household is not deprived in any dimension,258981
E10000015,Hertfordshire,2,Household is deprived in one dimension,154819
E10000015,Hertfordshire,3,Household is deprived in two dimensions,55829
E10000015,Hertfordshire,4,Household is deprived in three dimensions,12340
E10000015,Hertfordshire,5,Household is deprived in four dimensions,925
E10000016,Kent,-8,Does not apply,0
E10000016,Kent,1,Household is not deprived in any dimension,315366
E10000016,Kent,2,Household is deprived in one dimension,219861
E10000016,Kent,3,Household is deprived in two dimensions,89984
E10000016,Kent,4,Household is deprived in three dimensions,21581
E10000016,Kent,5,Household is deprived in four dimensions,1601
E10000017,Lancashire,-8,Does not apply,0
E10000017,Lancashire,1,Household is not deprived in any dimension,252315
E10000017,Lancashire,2,Household is deprived in one dimension,176691
E10000017,Lancashire,3,Household is deprived in two dimensions,75268
E10000017,Lancashire,4,Household is deprived in three dimensions,19939
E10000017,Lancashire,5,Household is deprived in four dimensions,1034
E10000018,Leicestershire,-8,Does not apply,0
E10000018,Leicestershire,1,Household is not deprived in any dimension,156992
E10000018,Leicestershire,2,Household is deprived in one dimension,97369
E10000018,Leicestershire,3,Household is deprived in two dimensions,35066
E10000018,Leicestershire,4,Household is deprived in three dimensions,6682
E10000018,Leicestershire,5,Household is deprived in four dimensions,299
E10000019,Lincolnshire,-8,Does not apply,0
E10000019,Lincolnshire,1,Household is not deprived in any dimension,154886
E10000019,Lincolnshire,2,Household is deprived in one dimension,117909
E10000019,Lincolnshire,3,Household is deprived in two dimensions,49200
E10000019,Lincolnshire,4,Household is deprived in three dimensions,10973
E10000019,Lincolnshire,5,Household is deprived in four dimensions,584
E10000020,Norfolk,-8,Does not apply,0
E10000020,Norfolk,1,Household is not deprived in any dimension,185744
E10000020,Norfolk,2,Household is deprived in one dimension,145026
E10000020,Norfolk,3,Household is deprived in two dimensions,59320
E10000020,Norfolk,4,Household is deprived in three dimensions,13468
E10000020,Norfolk,5,Household is deprived in four dimensions,783
E10000023,North Yorkshire,-8,Does not apply,0
E10000023,North Yorkshire,1,Household is not deprived in any dimension,146295
E10000023,North Yorkshire,2,Household is deprived in one dimension,90469
E10000023,North Yorkshire,3,Household is deprived in two dimensions,31146
E10000023,North Yorkshire,4,Household is deprived in three dimensions,6141
E10000023,North Yorkshire,5,Household is deprived in four dimensions,330
E10000024,Nottinghamshire,-8,Does not apply,0
E10000024,Nottinghamshire,1,Household is not deprived in any dimension,173688
E10000024,Nottinghamshire,2,Household is deprived in one dimension,119397
E10000024,Nottinghamshire,3,Household is deprived in two dimensions,51286
E10000024,Nottinghamshire,4,Household is deprived in three dimensions,12217
E10000024,Nottinghamshire,5,Household is deprived in four dimensions,534
E10000025,Oxfordshire,-8,Does not apply,0
E10000025,Oxfordshire,1,Household is not deprived in any dimension,161160
E10000025,Oxfordshire,2,Household is deprived in one dimension,91334
E10000025,Oxfordshire,3,Household is deprived in two dimensions,29194
E10000025,Oxfordshire,4,Household is deprived in three dimensions,6047
E10000025,Oxfordshire,5,Household is deprived in four dimensions,373
E10000027,Somerset,-8,Does not apply,0
E10000027,Somerset,1,Household is not deprived in any dimension,125035
E10000027,Somerset,2,Household is deprived in one dimension,86027
E10000027,Somerset,3,Household is deprived in two dimensions,31969
E10000027,Somerset,4,Household is deprived in three dimensions,6762
E10000027,Somerset,5,Household is deprived in four dimensions,329
E10000028,Staffordshire,-8,Does not apply,0
E10000028,Staffordshire,1,Household is not deprived in any dimension,184769
E10000028,Staffordshire,2,Household is deprived in one dimension,126301
E10000028,Staffordshire,3,Household is deprived in two dimensions,52232
E10000028,Staffordshire,4,Household is deprived in three dimensions,11443
E10000028,Staffordshire,5,Household is deprived in four dimensions,476
E10000029,Suffolk,-8,Does not apply,0
E10000029,Suffolk,1,Household is not deprived in any dimension,161385
E10000029,Suffolk,2,Household is deprived in one dimension,117240
E10000029,Suffolk,3,Household is deprived in two dimensions,44498
E10000029,Suffolk,4,Household is deprived in three dimensions,9860
E10000029,Suffolk,5,Household is deprived in four dimensions,560
E10000030,Surrey,-8,Does not apply,0
E10000030,Surrey,1,Household is not deprived in any dimension,275021
E10000030,Surrey,2,Household is deprived in one dimension,148618
E10000030,Surrey,3,Household is deprived in two dimensions,47777
E10000030,Surrey,4,Household is deprived in three dimensions,9670
E10000030,Surrey,5,Household is deprived in four dimensions,733
E10000031,Warwickshire,-8,Does not apply,0
E10000031,Warwickshire,1,Household is not deprived in any dimension,133179
E10000031,Warwickshire,2,Household is deprived in one dimension,82567
E10000031,Warwickshire,3,Household is deprived in two dimensions,30302
E10000031,Warwickshire,4,Household is deprived in three dimensions,6844
E10000031,Warwickshire,5,Household is deprived in four dimensions,370
E10000032,West Sussex,-8,Does not apply,0
E10000032,West Sussex,1,Household is not deprived in any dimension,191152
E10000032,West Sussex,2,Household is deprived in one dimension,127067
E10000032,West Sussex,3,Household is deprived in two dimensions,46547
E10000032,West Sussex,4,Household is deprived in three dimensions,9638
E10000032,West Sussex,5,Household is deprived in four dimensions,812
E10000034,Worcestershire,-8,Does not apply,0
E10000034,Worcestershire,1,Household is not deprived in any dimension,130846
E10000034,Worcestershire,2,Household is deprived in one dimension,87278
E10000034,Worcestershire,3,Household is deprived in two dimensions,33757
E10000034,Worcestershire,4,Household is deprived in three dimensions,7594
E10000034,Worcestershire,5,Household is deprived in four dimensions,458
W06000001,Isle of Anglesey,-8,Does not apply,0
W06000001,Isle of Anglesey,1,Household is not deprived in any dimension,14683
W06000001,Isle of Anglesey,2,Household is deprived in one dimension,10519
W06000001,Isle of Anglesey,3,Household is deprived in two dimensions,4533
W06000001,Isle of Anglesey,4,Household is deprived in three dimensions,1057
W06000001,Isle of Anglesey,5,Household is deprived in four dimensions,30
W06000002,Gwynedd,-8,Does not apply,0
W06000002,Gwynedd,1,Household is not deprived in any dimension,25361
W06000002,Gwynedd,2,Household is deprived in one dimension,17040
W06000002,Gwynedd,3,Household is deprived in two dimensions,7064
W06000002,Gwynedd,4,Household is deprived in three dimensions,1573
W06000002,Gwynedd,5,Household is deprived in four dimensions,67
W06000003,Conwy,-8,Does not apply,0
W06000003,Conwy,1,Household is not deprived in any dimension,24098
W06000003,Conwy,2,Household is deprived in one dimension,18173
W06000003,Conwy,3,Household is deprived in two dimensions,7918
W06000003,Conwy,4,Household is deprived in three dimensions,1956
W06000003,Conwy,5,Household is deprived in four dimensions,90
W06000004,Denbighshire,-8,Does not apply,0
W06000004,Denbighshire,1,Household is not deprived in any dimension,18992
W06000004,Denbighshire,2,Household is deprived in one dimension,14579
W06000004,Denbighshire,3,Household is deprived in two dimensions,6929
W06000004,Denbighshire,4,Household is deprived in three dimensions,1785
W06000004,Denbighshire,5,Household is deprived in four dimensions,102
W06000005,Flintshire,-8,Does not apply,0
W06000005,Flintshire,1,Household is not deprived in any dimension,32748
W06000005,Flintshire,2,Household is deprived in one dimension,22435
W06000005,Flintshire,3,Household is deprived in two dimensions,9486
W06000005,Flintshire,4,Household is deprived in three dimensions,2155
W06000005,Flintshire,5,Household is deprived in four dimensions,87
W06000006,Wrexham,-8,Does not apply,0
W06000006,Wrexham,1,Household is not deprived in any dimension,27134
W06000006,Wrexham,2,Household is deprived in one dimension,19578
W06000006,Wrexham,3,Household is deprived in two dimensions,8774
W06000006,Wrexham,4,Household is deprived in three dimensions,2333
W06000006,Wrexham,5,Household is deprived in four dimensions,95
W06000008,Ceredigion,-8,Does not apply,0
W06000008,Ceredigion,1,Household is not deprived in any dimension,14553
W06000008,Ceredigion,2,Household is deprived in one dimension,11019
W06000008,Ceredigion,3,Household is deprived in two dimensions,4395
W06000008,Ceredigion,4,Household is deprived in three dimensions,898
W06000008,Ceredigion,5,Household is deprived in four dimensions,28
W06000009,Pembrokeshire,-8,Does not apply,0
W06000009,Pembrokeshire,1,Household is not deprived in any dimension,25547
W06000009,Pembrokeshire,2,Household is deprived in one dimension,19262
W06000009,Pembrokeshire,3,Household is deprived in two dimensions,8565
W06000009,Pembrokeshire,4,Household is deprived in three dimensions,2017
W06000009,Pembrokeshire,5,Household is deprived in four dimensions,97
W06000010,Carmarthenshire,-8,Does not apply,0
W06000010,Carmarthenshire,1,Household is not deprived in any dimension,37050
W06000010,Carmarthenshire,2,Household is deprived in one dimension,27869
W06000010,Carmarthenshire,3,Household is deprived in two dimensions,13425
W06000010,Carmarthenshire,4,Household is deprived in three dimensions,3324
W06000010,Carmarthenshire,5,Household is deprived in four dimensions,91
W06000011,Swansea,-8,Does not apply,0
W06000011,Swansea,1,Household is not deprived in any dimension,47764
W06000011,Swansea,2,Household is deprived in one dimension,34960
W06000011,Swansea,3,Household is deprived in two dimensions,16952
W06000011,Swansea,4,Household is deprived in three dimensions,5106
W06000011,Swansea,5,Household is deprived in four dimensions,180
W06000012,Neath Port Talbot,-8,Does not apply,0
W06000012,Neath Port Talbot,1,Household is not deprived in any dimension,25834
W06000012,Neath Port Talbot,2,Household is deprived in one dimension,20716
W06000012,Neath Port Talbot,3,Household is deprived in two dimensions,11856
W06000012,Neath Port Talbot,4,Household is deprived in three dimensions,3858
W06000012,Neath Port Talbot,5,Household is deprived in four dimensions,109
W06000013,Bridgend,-8,Does not apply,0
W06000013,Bridgend,1,Household is not deprived in any dimension,28315
W06000013,Bridgend,2,Household is deprived in one dimension,20477
W06000013,Bridgend,3,Household is deprived in two dimensions,10372
W06000013,Bridgend,4,Household is deprived in three dimensions,3104
W06000013,Bridgend,5,Household is deprived in four dimensions,91
W06000014,Vale of Glamorgan,-8,Does not apply,0
W06000014,Vale of Glamorgan,1,Household is not deprived in any dimension,29294
W06000014,Vale of Glamorgan,2,Household is deprived in one dimension,18575
W06000014,Vale of Glamorgan,3,Household is deprived in two dimensions,7648
W06000014,Vale of Glamorgan,4,Household is deprived in three dimensions,1866
W06000014,Vale of Glamorgan,5,Household is deprived in four dimensions,68
W06000015,Cardiff,-8,Does not apply,0
W06000015,Cardiff,1,Household is not deprived in any dimension,72088
W06000015,Cardiff,2,Household is deprived in one dimension,46638
W06000015,Cardiff,3,Household is deprived in two dimensions,21326
W06000015,Cardiff,4,Household is deprived in three dimensions,6862
W06000015,Cardiff,5,Household is deprived in four dimensions,419
W06000016,Rhondda Cynon Taf,-8,Does not apply,0
W06000016,Rhondda Cynon Taf,1,Household is not deprived in any dimension,43372
W06000016,Rhondda Cynon Taf,2,Household is deprived in one dimension,34175
W06000016,Rhondda Cynon Taf,3,Household is deprived in two dimensions,19521
W06000016,Rhondda Cynon Taf,4,Household is deprived in three dimensions,6066
W06000016,Rhondda Cynon Taf,5,Household is deprived in four dimensions,203
W06000018,Caerphilly,-8,Does not apply,0
W06000018,Caerphilly,1,Household is not deprived in any dimension,32079
W06000018,Caerphilly,2,Household is deprived in one dimension,25365
W06000018,Caerphilly,3,Household is deprived in two dimensions,14321
W06000018,Caerphilly,4,Household is deprived in three dimensions,4358
W06000018,Caerphilly,5,Household is deprived in four dimensions,134
W06000019,Blaenau Gwent,-8,Does not apply,0
W06000019,Blaenau Gwent,1,Household is not deprived in any dimension,11632
W06000019,Blaenau Gwent,2,Household is deprived in one dimension,10104
W06000019,Blaenau Gwent,3,Household is deprived in two dimensions,6291
W06000019,Blaenau Gwent,4,Household is deprived in three dimensions,2256
W06000019,Blaenau Gwent,5,Household is deprived in four dimensions,57
W06000020,Torfaen,-8,Does not apply,0
W06000020,Torfaen,1,Household is not deprived in any dimension,17016
W06000020,Torfaen,2,Household is deprived in one dimension,13738
W06000020,Torfaen,3,Household is deprived in two dimensions,7241
W06000020,Torfaen,4,Household is deprived in three dimensions,2166
W06000020,Torfaen,5,Household is deprived in four dimensions,80
W06000021,Monmouthshire,-8,Does not apply,0
W06000021,Monmouthshire,1,Household is not deprived in any dimension,21144
W06000021,Monmouthshire,2,Household is deprived in one dimension,13592
W06000021,Monmouthshire,3,Household is deprived in two dimensions,5031
W06000021,Monmouthshire,4,Household is deprived in three dimensions,1115
W06000021,Monmouthshire,5,Household is deprived in four dimensions,43
W06000022,Newport,-8,Does not apply,0
W06000022,Newport,1,Household is not deprived in any dimension,30293
W06000022,Newport,2,Household is deprived in one dimension,21796
W06000022,Newport,3,Household is deprived in two dimensions,10572
W06000022,Newport,4,Household is deprived in three dimensions,3204
W06000022,Newport,5,Household is deprived in four dimensions,189
W06000023,Powys,-8,Does not apply,0
W06000023,Powys,1,Household is not deprived in any dimension,29223
W06000023,Powys,2,Household is deprived in one dimension,20871
W06000023,Powys,3,Household is deprived in two dimensions,8317
W06000023,Powys,4,Household is deprived in three dimensions,1713
W06000023,Powys,5,Household is deprived in four dimensions,58
W06000024,Merthyr Tydfil,-8,Does not apply,0
W06000024,Merthyr Tydfil,1,Household is not deprived in any dimension,10364
W06000024,Merthyr Tydfil,2,Household is deprived in one dimension,8578
W06000024,Merthyr Tydfil,3,Household is deprived in two dimensions,4955
W06000024,Merthyr Tydfil,4,Household is deprived in three dimensions,1811
W06000024,Merthyr Tydfil,5,Household is deprived in four dimensions,77
